random_moves,sa_moves,runtime,board,improvement
20594.0,18878.0,17.61572790145874,Board 1,1716.0
7296.0,7294.0,17.608662128448486,Board 1,2.0
517.0,515.0,16.83041000366211,Board 1,2.0
4857.0,4453.0,17.610296964645386,Board 1,404.0
44572.0,41601.0,19.239388942718502,Board 1,2971.0
3845.0,3843.0,17.29553723335266,Board 1,2.0
1253.0,1251.0,17.03128170967102,Board 1,2.0
6440.0,6438.0,17.772116899490356,Board 1,2.0
1395.0,1302.0,17.38819193840027,Board 1,93.0
5025.0,4667.0,17.619964838027954,Board 1,358.0
34298.0,31660.0,19.188354015350345,Board 1,2638.0
40474.0,40472.0,19.711588859558105,Board 1,2.0
2236.0,2013.0,17.79840087890625,Board 1,223.0
10049.0,10047.0,17.584789991378784,Board 1,2.0
5492.0,5492.0,17.618712663650513,Board 1,0.0
5171.0,4741.0,17.548973083496094,Board 1,430.0
20889.0,20887.0,18.952527284622192,Board 1,2.0
3971.0,3969.0,17.87636089324951,Board 1,2.0
45134.0,45132.0,19.59123396873474,Board 1,2.0
4616.0,4614.0,17.79206895828247,Board 1,2.0
56625.0,52850.0,20.091599941253666,Board 1,3775.0
11960.0,11958.0,18.590868949890137,Board 1,2.0
518.0,516.0,17.776365995407104,Board 1,2.0
717.0,670.0,17.440611839294434,Board 1,47.0
14940.0,14940.0,18.165151119232178,Board 1,0.0
8853.0,8851.0,17.915475845336914,Board 1,2.0
41453.0,41451.0,21.01690411567688,Board 1,2.0
12832.0,12832.0,26.94404697418213,Board 1,0.0
26546.0,22754.0,25.79069995880127,Board 1,3792.0
2265.0,2114.0,20.160732746124268,Board 1,151.0
51428.0,51426.0,27.868465900421143,Board 1,2.0
5562.0,4944.0,18.547959089279175,Board 1,618.0
46598.0,46598.0,20.27649998664856,Board 1,0.0
22871.0,22869.0,18.68602514266968,Board 1,2.0
5607.0,4907.0,17.807188034057617,Board 1,700.0
8443.0,8441.0,18.27896094322205,Board 1,2.0
8359.0,7716.0,17.848893880844116,Board 1,643.0
23939.0,23939.0,18.63328790664673,Board 1,0.0
10428.0,10428.0,18.633183002471924,Board 1,0.0
3130.0,3130.0,17.606085062026978,Board 1,0.0
7244.0,7244.0,17.716007947921753,Board 1,0.0
13388.0,13388.0,18.61572027206421,Board 1,0.0
19661.0,19661.0,18.295408248901367,Board 1,0.0
13908.0,13908.0,18.657646894454956,Board 1,0.0
6065.0,5199.0,18.2918701171875,Board 1,866.0
15370.0,15370.0,18.549472093582153,Board 1,0.0
14069.0,14067.0,18.05425715446472,Board 1,2.0
14285.0,14283.0,18.7313551902771,Board 1,2.0
78471.0,67261.0,21.072563886642456,Board 1,11210.0
6030.0,6030.0,18.124273777008057,Board 1,0.0
5688.0,5282.0,17.952507257461548,Board 1,406.0
21199.0,21199.0,18.580873012542725,Board 1,0.0
5267.0,4862.0,18.310758113861084,Board 1,405.0
8364.0,8362.0,17.981186866760254,Board 1,2.0
39622.0,39620.0,19.01841902732849,Board 1,2.0
3867.0,3867.0,17.718299865722656,Board 1,0.0
4081.0,4079.0,17.75362777709961,Board 1,2.0
9376.0,9376.0,17.794534921646118,Board 1,0.0
6648.0,6646.0,17.909101009368896,Board 1,2.0
13935.0,13933.0,18.24802875518799,Board 1,2.0
20362.0,20360.0,22.48529291152954,Board 1,2.0
10840.0,10840.0,19.50654125213623,Board 1,0.0
8575.0,8573.0,19.321980953216553,Board 1,2.0
5006.0,5004.0,18.846046209335327,Board 1,2.0
4402.0,4402.0,18.684029817581177,Board 1,0.0
5317.0,5315.0,18.83392596244812,Board 1,2.0
1178.0,1088.0,17.727396726608276,Board 1,90.0
1932.0,1930.0,18.059151887893677,Board 1,2.0
41274.0,41274.0,19.382813930511475,Board 1,0.0
3094.0,3094.0,18.05899691581726,Board 1,0.0
8511.0,8511.0,17.930744886398315,Board 1,0.0
35343.0,35343.0,19.495941162109375,Board 1,0.0
4993.0,4993.0,18.06633973121643,Board 1,0.0
20473.0,20471.0,18.517598390579224,Board 1,2.0
31533.0,31531.0,19.70416688919067,Board 1,2.0
3452.0,3452.0,19.867547750473022,Board 1,0.0
21495.0,21495.0,22.88198971748352,Board 1,0.0
5348.0,4966.0,22.45523190498352,Board 1,382.0
4896.0,4894.0,113.02142786979675,Board 1,2.0
10431.0,10431.0,17.325953006744385,Board 1,0.0
1307.0,1220.0,16.909384965896606,Board 1,87.0
9791.0,9789.0,17.678479194641113,Board 1,2.0
53510.0,53510.0,19.189201831817627,Board 1,0.0
27621.0,27619.0,19.046897888183594,Board 1,2.0
40801.0,40799.0,18.985233068466187,Board 1,2.0
4463.0,4145.0,17.683132886886597,Board 1,318.0
2129.0,2129.0,17.76873016357422,Board 1,0.0
6027.0,6027.0,18.12734580039978,Board 1,0.0
15959.0,14820.0,18.33111000061035,Board 1,1139.0
10886.0,10886.0,17.595399141311646,Board 1,0.0
14119.0,14117.0,18.730512142181396,Board 1,2.0
470.0,470.0,17.55576801300049,Board 1,0.0
12171.0,12169.0,18.553593158721924,Board 1,2.0
41276.0,41274.0,19.09716296195984,Board 1,2.0
821.0,821.0,17.82064175605774,Board 1,0.0
16661.0,16661.0,19.064252138137817,Board 1,0.0
20265.0,20265.0,18.223932027816772,Board 1,0.0
7967.0,7965.0,18.153565883636475,Board 1,2.0
3834.0,3832.0,18.01997017860413,Board 1,2.0
665.0,665.0,17.798505783081055,Board 1,0.0
1193.0,1094.0,16.710822105407715,Board 2,99.0
1301.0,1299.0,17.884156227111816,Board 2,2.0
1712.0,1522.0,16.821566104888916,Board 2,190.0
2362.0,2100.0,17.04704999923706,Board 2,262.0
3436.0,3007.0,17.291653871536255,Board 2,429.0
2293.0,2293.0,16.869723081588745,Board 2,0.0
2559.0,2559.0,17.47492790222168,Board 2,0.0
2994.0,2994.0,17.425615787506104,Board 2,0.0
7872.0,7870.0,16.920936107635498,Board 2,2.0
2614.0,2377.0,16.861785888671875,Board 2,237.0
419.0,419.0,17.012911796569824,Board 2,0.0
7343.0,7343.0,17.27554702758789,Board 2,0.0
3727.0,3725.0,17.011571168899536,Board 2,2.0
821.0,763.0,16.729022979736328,Board 2,58.0
8146.0,8144.0,17.599549055099487,Board 2,2.0
1460.0,1460.0,17.005805730819702,Board 2,0.0
5648.0,4942.0,16.892275094985962,Board 2,706.0
1841.0,1841.0,16.939567804336548,Board 2,0.0
4924.0,4596.0,18.951064825057983,Board 2,328.0
1904.0,1902.0,19.53919887542725,Board 2,2.0
1672.0,1670.0,17.518703937530518,Board 2,2.0
3042.0,2704.0,18.07671618461609,Board 2,338.0
2833.0,2616.0,18.103121042251587,Board 2,217.0
5007.0,5005.0,18.726564168930057,Board 2,2.0
4999.0,4997.0,20.77119016647339,Board 2,2.0
3687.0,3352.0,21.51237726211548,Board 2,335.0
815.0,815.0,22.621500968933105,Board 2,0.0
1080.0,945.0,24.760512828826904,Board 2,135.0
813.0,759.0,19.33612275123596,Board 2,54.0
1623.0,1621.0,18.498492002487183,Board 2,2.0
7578.0,6736.0,18.9580020904541,Board 2,842.0
2265.0,2263.0,18.156563997268677,Board 2,2.0
763.0,763.0,19.400497913360596,Board 2,0.0
3836.0,3834.0,18.656636714935303,Board 2,2.0
1746.0,1744.0,18.38457298278809,Board 2,2.0
2976.0,2646.0,18.782843112945557,Board 2,330.0
3869.0,3867.0,18.53215503692627,Board 2,2.0
1475.0,1473.0,20.41767191886902,Board 2,2.0
7000.0,6534.0,23.03775906562805,Board 2,466.0
562.0,516.0,23.813010931015015,Board 2,46.0
2800.0,2489.0,25.743921279907227,Board 2,311.0
2677.0,2675.0,27.688910961151123,Board 2,2.0
5507.0,5084.0,26.038750171661377,Board 2,423.0
256.0,254.0,24.28083086013794,Board 2,2.0
5262.0,4858.0,26.25625705718994,Board 2,404.0
1181.0,1181.0,28.03077507019043,Board 2,0.0
3213.0,3211.0,25.436137914657593,Board 2,2.0
7609.0,6918.0,23.539480209350582,Board 2,691.0
617.0,617.0,28.470242023468018,Board 2,0.0
1255.0,1099.0,32.65494084358215,Board 2,156.0
970.0,970.0,31.865684986114506,Board 2,0.0
1278.0,1278.0,32.83074402809143,Board 2,0.0
3276.0,2949.0,33.3102011680603,Board 2,327.0
655.0,653.0,27.800063133239743,Board 2,2.0
3216.0,3002.0,27.71270513534546,Board 2,214.0
3570.0,3568.0,27.63650894165039,Board 2,2.0
2749.0,2747.0,26.29735827445984,Board 2,2.0
1801.0,1663.0,22.80233788490295,Board 2,138.0
1411.0,1409.0,22.46599006652832,Board 2,2.0
2275.0,2113.0,21.72783589363098,Board 2,162.0
2031.0,1847.0,23.405846118927,Board 2,184.0
839.0,837.0,23.62792277336121,Board 2,2.0
1145.0,1143.0,23.315683126449585,Board 2,2.0
404.0,402.0,21.920552015304565,Board 2,2.0
2254.0,2029.0,22.4931116104126,Board 2,225.0
248.0,248.0,21.777480840682983,Board 2,0.0
2039.0,2039.0,22.044207096099857,Board 2,0.0
1507.0,1392.0,21.81535816192627,Board 2,115.0
3379.0,3138.0,21.666239023208615,Board 2,241.0
4375.0,4039.0,21.105331897735596,Board 2,336.0
1243.0,1241.0,20.933890104293823,Board 2,2.0
1857.0,1855.0,21.39771199226379,Board 2,2.0
2201.0,2001.0,21.29397988319397,Board 2,200.0
958.0,956.0,22.379455089569092,Board 2,2.0
3554.0,3258.0,19.467766046524048,Board 2,296.0
3590.0,3588.0,18.71300506591797,Board 2,2.0
2244.0,2242.0,19.27158784866333,Board 2,2.0
787.0,731.0,20.457679986953735,Board 2,56.0
10811.0,9460.0,19.305904865264893,Board 2,1351.0
320.0,318.0,16.48611617088318,Board 2,2.0
4678.0,4676.0,16.105225086212158,Board 2,2.0
3862.0,3862.0,16.343212127685547,Board 2,0.0
2244.0,2242.0,18.16103482246399,Board 2,2.0
1702.0,1700.0,19.060600996017456,Board 2,2.0
1625.0,1393.0,18.77233409881592,Board 2,232.0
2167.0,2165.0,21.3892822265625,Board 2,2.0
5346.0,4990.0,25.306591987609863,Board 2,356.0
4710.0,4708.0,25.39694905281067,Board 2,2.0
899.0,897.0,26.016930103302,Board 2,2.0
1024.0,1022.0,27.572898864746097,Board 2,2.0
6328.0,5753.0,28.9940128326416,Board 2,575.0
1735.0,1620.0,29.211286067962646,Board 2,115.0
538.0,536.0,29.464878797531128,Board 2,2.0
1636.0,1636.0,29.4966299533844,Board 2,0.0
280.0,280.0,33.21497964859009,Board 2,0.0
2314.0,2312.0,30.254458904266357,Board 2,2.0
5267.0,5265.0,29.57705307006836,Board 2,2.0
729.0,727.0,29.081613779067993,Board 2,2.0
1280.0,1189.0,29.563318967819217,Board 2,91.0
1178.0,1071.0,31.317816019058228,Board 2,107.0
,,,Board 3,
63605.0,63603.0,15.441818714141846,Board 3,2.0
14759.0,14757.0,12.714711904525757,Board 3,2.0
4394.0,4394.0,12.102030038833618,Board 3,0.0
56002.0,56000.0,14.645080089569092,Board 3,2.0
40145.0,40145.0,13.93315291404724,Board 3,0.0
20937.0,20937.0,12.96213674545288,Board 3,0.0
61772.0,61772.0,14.62191915512085,Board 3,0.0
18067.0,18067.0,13.348805665969849,Board 3,0.0
10735.0,10735.0,12.827229976654053,Board 3,0.0
15655.0,15655.0,12.825095176696776,Board 3,0.0
44740.0,44738.0,13.753382205963137,Board 3,2.0
17327.0,17325.0,12.71679401397705,Board 3,2.0
22445.0,22445.0,13.096188306808472,Board 3,0.0
24702.0,24700.0,13.179435014724731,Board 3,2.0
23950.0,23950.0,13.28636121749878,Board 3,0.0
56240.0,56238.0,14.52022910118103,Board 3,2.0
67058.0,67058.0,14.899429082870483,Board 3,0.0
20469.0,18423.0,13.310190200805664,Board 3,2046.0
54877.0,54875.0,14.37942886352539,Board 3,2.0
9608.0,9608.0,12.654392957687378,Board 3,0.0
11275.0,10470.0,12.458065032958984,Board 3,805.0
40912.0,40910.0,13.749053955078123,Board 3,2.0
68172.0,68172.0,16.757456064224243,Board 3,0.0
45533.0,45533.0,14.39647388458252,Board 3,0.0
23477.0,23477.0,15.491251945495604,Board 3,0.0
26171.0,26169.0,13.736138105392456,Board 3,2.0
12017.0,12017.0,13.13558292388916,Board 3,0.0
12432.0,11396.0,13.671134948730469,Board 3,1036.0
79241.0,79241.0,16.148564338684082,Board 3,0.0
10941.0,10939.0,14.35880994796753,Board 3,2.0
24216.0,24214.0,16.302084922790527,Board 3,2.0
46765.0,46763.0,17.607418060302734,Board 3,2.0
16068.0,16066.0,16.710771083831787,Board 3,2.0
54960.0,54958.0,22.464804887771606,Board 3,2.0
16801.0,16801.0,15.713290929794312,Board 3,0.0
13164.0,13164.0,14.558449268341064,Board 3,0.0
41659.0,36452.0,15.224374055862429,Board 3,5207.0
25169.0,25167.0,14.350726842880247,Board 3,2.0
30439.0,30437.0,14.562178134918211,Board 3,2.0
6284.0,6282.0,13.299321174621582,Board 3,2.0
15785.0,15785.0,14.622140884399414,Board 3,0.0
16070.0,16068.0,14.194923162460327,Board 3,2.0
35025.0,35023.0,14.863523244857788,Board 3,2.0
22827.0,22827.0,14.072674989700316,Board 3,0.0
9633.0,9633.0,13.884692192077637,Board 3,0.0
30592.0,28553.0,14.314557790756226,Board 3,2039.0
15928.0,15926.0,14.91575002670288,Board 3,2.0
26353.0,26351.0,16.33403205871582,Board 3,2.0
45897.0,42838.0,18.943172931671143,Board 3,3059.0
4921.0,4919.0,16.767306089401245,Board 3,2.0
11490.0,11488.0,18.277719736099243,Board 3,2.0
2375.0,2373.0,19.492791175842285,Board 3,2.0
16185.0,16185.0,20.89145588874817,Board 3,0.0
28548.0,26352.0,20.714164972305294,Board 3,2196.0
,,,Board 3,
92492.0,92492.0,23.28866600990295,Board 3,0.0
91720.0,85606.0,23.571974992752075,Board 3,6114.0
10263.0,10261.0,20.51772403717041,Board 3,2.0
6319.0,6317.0,20.27851104736328,Board 3,2.0
34411.0,34409.0,20.16737198829651,Board 3,2.0
9923.0,9921.0,17.840428113937378,Board 3,2.0
16228.0,16228.0,19.65257501602173,Board 3,0.0
23245.0,23243.0,21.425295114517212,Board 3,2.0
58657.0,58655.0,29.087570905685425,Board 3,2.0
26603.0,26601.0,24.86934280395508,Board 3,2.0
,,,Board 3,
9046.0,9046.0,24.1072518825531,Board 3,0.0
16826.0,16824.0,24.64254903793335,Board 3,2.0
28003.0,28001.0,25.17397665977478,Board 3,2.0
,,,Board 3,
48123.0,48121.0,23.184285879135132,Board 3,2.0
19397.0,19397.0,20.709810972213745,Board 3,0.0
,,,Board 3,
42670.0,42668.0,22.635738849639893,Board 3,2.0
46804.0,46802.0,22.63060212135315,Board 3,2.0
12929.0,12927.0,18.072428226470947,Board 3,2.0
8641.0,8639.0,16.582140922546387,Board 3,2.0
71651.0,71649.0,19.980751991271973,Board 3,2.0
4340.0,4340.0,15.923521995544434,Board 3,0.0
35247.0,35245.0,17.788235664367676,Board 3,2.0
42727.0,42727.0,19.225721836090088,Board 3,0.0
46109.0,43036.0,19.565787076950073,Board 3,3073.0
22219.0,20510.0,17.839876174926758,Board 3,1709.0
30235.0,30235.0,17.85677218437195,Board 3,0.0
80016.0,80014.0,19.984117031097412,Board 3,2.0
9198.0,8541.0,16.48659610748291,Board 3,657.0
26342.0,24586.0,16.994086980819702,Board 3,1756.0
55844.0,51856.0,18.408284902572632,Board 3,3988.0
93582.0,80214.0,21.278208017349243,Board 3,13368.0
10121.0,10121.0,15.632272720336914,Board 3,0.0
,,,Board 3,
8317.0,8315.0,16.03989887237549,Board 3,2.0
16202.0,16200.0,15.819881916046144,Board 3,2.0
47453.0,47453.0,17.454362154006958,Board 3,0.0
34945.0,34945.0,17.117462158203125,Board 3,0.0
59205.0,59205.0,18.047502040863037,Board 3,0.0
51927.0,51927.0,18.554513216018677,Board 3,0.0
11076.0,11074.0,16.428405046463013,Board 3,2.0
,,,Board 3,
34759.0,34757.0,46.825275182724,Board 4,2.0
24569.0,24569.0,48.71874189376831,Board 4,0.0
12443.0,12443.0,52.37375092506409,Board 4,0.0
42651.0,42649.0,57.6685791015625,Board 4,2.0
12778.0,12778.0,57.91448783874512,Board 4,0.0
64986.0,64986.0,61.86961913108826,Board 4,0.0
54907.0,54905.0,58.8861780166626,Board 4,2.0
51681.0,51679.0,58.74446892738342,Board 4,2.0
8415.0,8413.0,47.871493101119995,Board 4,2.0
2346.0,2346.0,44.031614780426025,Board 4,0.0
39896.0,39894.0,51.40735483169556,Board 4,2.0
15088.0,15088.0,53.740524768829346,Board 4,0.0
14809.0,14807.0,58.3563289642334,Board 4,2.0
33506.0,33506.0,52.340487003326416,Board 4,0.0
25551.0,25549.0,51.22308874130249,Board 4,2.0
59633.0,59633.0,54.428704023361206,Board 4,0.0
38847.0,38847.0,51.58402395248413,Board 4,0.0
17089.0,17087.0,50.244274854660034,Board 4,2.0
55717.0,55715.0,51.26099514961243,Board 4,2.0
77161.0,77159.0,53.05247116088867,Board 4,2.0
81121.0,81119.0,55.74253582954407,Board 4,2.0
17950.0,17948.0,47.365570068359375,Board 4,2.0
18999.0,18997.0,46.518494844436646,Board 4,2.0
13682.0,13680.0,45.12851905822754,Board 4,2.0
43472.0,43470.0,50.22464370727539,Board 4,2.0
70993.0,70993.0,52.26313495635986,Board 4,0.0
21720.0,21718.0,46.911834955215454,Board 4,2.0
97948.0,97946.0,54.27671504020691,Board 4,2.0
58937.0,58937.0,54.20224571228027,Board 4,0.0
37025.0,37023.0,50.08265399932861,Board 4,2.0
15662.0,15660.0,48.286197900772095,Board 4,2.0
30160.0,30158.0,50.168116331100464,Board 4,2.0
16251.0,16251.0,49.68848276138306,Board 4,0.0
81748.0,74936.0,53.701961040496826,Board 4,6812.0
57602.0,57602.0,51.422003984451294,Board 4,0.0
8621.0,8621.0,46.37882113456726,Board 4,0.0
31481.0,31481.0,48.65646839141846,Board 4,0.0
57127.0,57125.0,51.57979702949524,Board 4,2.0
36068.0,36066.0,49.32158303260803,Board 4,2.0
15439.0,15437.0,47.26797509193421,Board 4,2.0
31431.0,31429.0,49.33589196205139,Board 4,2.0
29473.0,29471.0,47.53026390075683,Board 4,2.0
36414.0,36414.0,49.49029588699341,Board 4,0.0
24125.0,24123.0,49.90174102783203,Board 4,2.0
24740.0,24738.0,50.72368001937866,Board 4,2.0
21009.0,21009.0,48.136075019836426,Board 4,0.0
45013.0,45013.0,56.55774903297424,Board 4,0.0
16825.0,16823.0,53.583820819854736,Board 4,2.0
53198.0,53196.0,51.80233383178711,Board 4,2.0
20274.0,20272.0,45.89448595046997,Board 4,2.0
29607.0,29605.0,43.087281227111816,Board 4,2.0
22669.0,22667.0,41.705649852752686,Board 4,2.0
27977.0,27977.0,42.733453035354614,Board 4,0.0
46043.0,46043.0,45.35945200920105,Board 4,0.0
20543.0,20541.0,43.01897811889648,Board 4,2.0
49875.0,49873.0,48.10310888290405,Board 4,2.0
54601.0,50401.0,48.430262088775635,Board 4,4200.0
30172.0,30172.0,44.73064589500427,Board 4,0.0
74175.0,74173.0,46.399882555007935,Board 4,2.0
53726.0,48842.0,44.35668301582336,Board 4,4884.0
43373.0,40275.0,44.48236989974976,Board 4,3098.0
6006.0,6006.0,43.65761208534241,Board 4,0.0
19825.0,19825.0,43.8575758934021,Board 4,0.0
21135.0,21135.0,46.12561297416687,Board 4,0.0
58333.0,52500.0,44.273147106170654,Board 4,5833.0
40386.0,40384.0,42.4290566444397,Board 4,2.0
74393.0,74391.0,46.307920932769775,Board 4,2.0
85719.0,85717.0,46.455543756484985,Board 4,2.0
37614.0,37612.0,41.7046959400177,Board 4,2.0
32797.0,32795.0,40.87605881690979,Board 4,2.0
34690.0,34688.0,41.67823910713196,Board 4,2.0
23921.0,23919.0,42.55194091796875,Board 4,2.0
45492.0,45490.0,43.76605796813965,Board 4,2.0
27441.0,27439.0,41.24872899055481,Board 4,2.0
19288.0,19286.0,39.380396127700806,Board 4,2.0
12700.0,12698.0,38.65502309799194,Board 4,2.0
28682.0,28680.0,40.360909938812256,Board 4,2.0
32981.0,32979.0,40.43279790878296,Board 4,2.0
13409.0,13407.0,39.45166611671448,Board 4,2.0
22591.0,22591.0,41.586050033569336,Board 4,0.0
2716.0,2714.0,39.66509008407593,Board 4,2.0
61366.0,61364.0,42.822290897369385,Board 4,2.0
12988.0,12986.0,39.74990797042847,Board 4,2.0
17223.0,17221.0,39.77560806274414,Board 4,2.0
16577.0,16577.0,39.17027807235718,Board 4,0.0
13382.0,13380.0,39.197827100753784,Board 4,2.0
31085.0,31085.0,42.20038199424744,Board 4,0.0
25949.0,25949.0,41.20785593986511,Board 4,0.0
70188.0,70188.0,45.70855498313904,Board 4,0.0
76403.0,76403.0,44.51869893074035,Board 4,0.0
28277.0,28275.0,40.07549691200256,Board 4,2.0
61646.0,61644.0,43.083093881607056,Board 4,2.0
93203.0,93201.0,45.480913162231445,Board 4,2.0
97199.0,97197.0,45.49361515045166,Board 4,2.0
35660.0,35658.0,41.55364513397217,Board 4,2.0
31992.0,31992.0,42.276713848114014,Board 4,0.0
38195.0,38193.0,42.0080828666687,Board 4,2.0
72940.0,72940.0,43.587960958480835,Board 4,0.0
27098.0,27096.0,39.84002995491028,Board 4,2.0
43971.0,43969.0,40.56615209579468,Board 4,2.0
22434.0,20395.0,49.25674486160278,Board 5,2039.0
49554.0,49552.0,54.43720602989197,Board 5,2.0
66546.0,66544.0,61.40768790245056,Board 5,2.0
68141.0,68139.0,62.911158084869385,Board 5,2.0
48102.0,48100.0,65.32864809036255,Board 5,2.0
65009.0,65007.0,62.34707689285278,Board 5,2.0
14746.0,14744.0,59.185104846954346,Board 5,2.0
74025.0,74023.0,57.10362005233765,Board 5,2.0
17143.0,17143.0,47.5730619430542,Board 5,0.0
4485.0,4483.0,49.18091011047363,Board 5,2.0
51349.0,51349.0,59.334627866744995,Board 5,0.0
40822.0,40820.0,63.05864381790161,Board 5,2.0
35167.0,35165.0,54.14645886421203,Board 5,2.0
87181.0,87179.0,60.250787019729614,Board 5,2.0
32816.0,32814.0,53.619285106658936,Board 5,2.0
79295.0,79293.0,56.87233901023865,Board 5,2.0
56440.0,56438.0,56.77738809585571,Board 5,2.0
18548.0,18548.0,48.807713747024536,Board 5,0.0
99264.0,99264.0,59.6150438785553,Board 5,0.0
14459.0,14459.0,49.16953110694885,Board 5,0.0
8852.0,8850.0,48.66931700706482,Board 5,2.0
26994.0,26992.0,48.228689193725586,Board 5,2.0
12878.0,12876.0,48.14320421218872,Board 5,2.0
51174.0,51172.0,53.67954397201538,Board 5,2.0
7536.0,7534.0,47.98311519622803,Board 5,2.0
42090.0,42090.0,50.32048487663269,Board 5,0.0
22129.0,22127.0,51.95308804512024,Board 5,2.0
10676.0,10674.0,50.47740292549133,Board 5,2.0
,,,Board 5,
14795.0,14795.0,49.99548602104187,Board 5,0.0
,,,Board 5,
21057.0,21055.0,50.93398070335388,Board 5,2.0
81846.0,81846.0,58.62338590621948,Board 5,0.0
51561.0,51559.0,52.856452226638794,Board 5,2.0
18963.0,18963.0,49.89552688598633,Board 5,0.0
36921.0,36919.0,50.100342988967896,Board 5,2.0
78630.0,78628.0,55.27457928657532,Board 5,2.0
43415.0,43413.0,52.2739372253418,Board 5,2.0
38061.0,38059.0,51.3512749671936,Board 5,2.0
,,,Board 5,
68452.0,68450.0,54.874582052230835,Board 5,2.0
28975.0,28973.0,50.33318901062012,Board 5,2.0
56533.0,50252.0,52.079992055892944,Board 5,6281.0
47662.0,47662.0,53.76046395301819,Board 5,0.0
62738.0,62738.0,56.04010701179504,Board 5,0.0
11115.0,11113.0,50.35855531692505,Board 5,2.0
49847.0,49847.0,57.73084592819214,Board 5,0.0
31591.0,31591.0,57.99632287025452,Board 5,0.0
68704.0,68702.0,55.98109483718872,Board 5,2.0
37369.0,37369.0,49.63682723045349,Board 5,0.0
23284.0,23284.0,44.26031994819641,Board 5,0.0
78634.0,78632.0,48.24768090248108,Board 5,2.0
,,,Board 5,
19171.0,19171.0,44.501755237579346,Board 5,0.0
50807.0,50805.0,47.15351724624634,Board 5,2.0
42188.0,42186.0,46.613495111465454,Board 5,2.0
43880.0,43878.0,51.813873291015625,Board 5,2.0
50272.0,50270.0,49.01867079734802,Board 5,2.0
27797.0,27797.0,45.10249400138855,Board 5,0.0
30933.0,30933.0,44.75468707084656,Board 5,0.0
66294.0,66292.0,47.300832986831665,Board 5,2.0
6308.0,6306.0,44.631359815597534,Board 5,2.0
12463.0,12463.0,45.94955492019653,Board 5,0.0
18521.0,18519.0,47.681116819381714,Board 5,2.0
89748.0,89746.0,49.87079095840454,Board 5,2.0
75026.0,75026.0,47.178215742111206,Board 5,0.0
,,,Board 5,
15616.0,15614.0,43.29249620437622,Board 5,2.0
36003.0,36003.0,44.7490291595459,Board 5,0.0
35641.0,35639.0,43.71100330352783,Board 5,2.0
6950.0,6950.0,40.64792609214783,Board 5,0.0
1598.0,1596.0,40.936700105667114,Board 5,2.0
70600.0,70598.0,47.86214590072632,Board 5,2.0
61473.0,61471.0,46.577800989151,Board 5,2.0
35740.0,35740.0,43.4499568939209,Board 5,0.0
84619.0,84617.0,45.80530214309693,Board 5,2.0
47329.0,47329.0,42.71967792510986,Board 5,0.0
39705.0,39703.0,42.9052529335022,Board 5,2.0
40780.0,40778.0,42.69863820075989,Board 5,2.0
33325.0,33323.0,43.195754289627075,Board 5,2.0
28580.0,28578.0,43.709290981292725,Board 5,2.0
25436.0,25434.0,42.39499020576477,Board 5,2.0
47025.0,47023.0,44.06317687034607,Board 5,2.0
18453.0,18451.0,41.02828288078308,Board 5,2.0
29561.0,29561.0,42.350327014923096,Board 5,0.0
44402.0,44402.0,43.02814316749573,Board 5,0.0
15852.0,15850.0,42.292139768600464,Board 5,2.0
15683.0,15683.0,42.526817083358765,Board 5,0.0
32852.0,32850.0,44.64788484573364,Board 5,2.0
66224.0,66224.0,45.55631899833679,Board 5,0.0
4772.0,4772.0,40.11662197113037,Board 5,0.0
29256.0,29256.0,42.26411414146423,Board 5,0.0
3352.0,3350.0,40.25845503807068,Board 5,2.0
13003.0,13001.0,41.01985836029053,Board 5,2.0
8050.0,8048.0,41.087592363357544,Board 5,2.0
18312.0,18310.0,42.559898853302,Board 5,2.0
27840.0,27838.0,43.096712827682495,Board 5,2.0
61217.0,61215.0,44.32577586174011,Board 5,2.0
12230.0,12228.0,40.788068771362305,Board 5,2.0
12631.0,12629.0,40.93171405792236,Board 5,2.0
25475.0,25473.0,61.204383850097656,Board 6,2.0
55358.0,55358.0,69.59163880348206,Board 6,0.0
9015.0,9013.0,56.0319299697876,Board 6,2.0
23682.0,23680.0,57.93271088600159,Board 6,2.0
,,,Board 6,
40446.0,40444.0,58.7756552696228,Board 6,2.0
61678.0,56934.0,60.42500710487366,Board 6,4744.0
53575.0,53575.0,59.34816312789917,Board 6,0.0
63849.0,58529.0,57.94475078582764,Board 6,5320.0
7578.0,7578.0,55.309576988220215,Board 6,0.0
18001.0,17999.0,52.989290952682495,Board 6,2.0
10068.0,9062.0,51.97895002365112,Board 6,1006.0
24681.0,24681.0,51.75866389274597,Board 6,0.0
31149.0,31149.0,55.534109354019165,Board 6,0.0
14618.0,14618.0,53.09556794166565,Board 6,0.0
18955.0,18955.0,52.66013193130493,Board 6,0.0
19927.0,19925.0,54.78322720527649,Board 6,2.0
31757.0,31755.0,57.29943013191223,Board 6,2.0
5055.0,5053.0,53.53519892692566,Board 6,2.0
3533.0,3531.0,53.51178598403931,Board 6,2.0
3811.0,3809.0,55.46490025520325,Board 6,2.0
44339.0,44337.0,56.62983417510986,Board 6,2.0
82896.0,82894.0,59.95814919471741,Board 6,2.0
90555.0,90553.0,59.987637758255005,Board 6,2.0
36493.0,36493.0,55.37852215766907,Board 6,0.0
41421.0,41419.0,56.47293186187744,Board 6,2.0
919.0,919.0,52.10794687271118,Board 6,0.0
5952.0,5950.0,53.11902117729187,Board 6,2.0
83901.0,83899.0,58.470694065093994,Board 6,2.0
50740.0,50740.0,57.02406287193298,Board 6,0.0
12307.0,10940.0,54.72450518608093,Board 6,1367.0
14369.0,14369.0,55.886667013168335,Board 6,0.0
13779.0,13779.0,54.033560037612915,Board 6,0.0
30093.0,30091.0,63.991584062576294,Board 6,2.0
22594.0,22592.0,58.25533318519592,Board 6,2.0
22442.0,22442.0,53.51875686645508,Board 6,0.0
14681.0,14679.0,47.108174085617065,Board 6,2.0
46270.0,46270.0,48.99453520774841,Board 6,0.0
7475.0,7473.0,46.41405987739563,Board 6,2.0
48019.0,48017.0,51.17568278312683,Board 6,2.0
12853.0,12853.0,47.583372831344604,Board 6,0.0
8190.0,8188.0,52.25613212585449,Board 6,2.0
30119.0,30117.0,51.129671812057495,Board 6,2.0
22867.0,22867.0,48.27436923980713,Board 6,0.0
6940.0,6940.0,46.39917016029358,Board 6,0.0
2687.0,2687.0,45.62923192977905,Board 6,0.0
15472.0,15472.0,49.162442207336426,Board 6,0.0
5778.0,5778.0,49.34724307060242,Board 6,0.0
99075.0,99073.0,58.10089111328125,Board 6,2.0
29201.0,29201.0,47.635504961013794,Board 6,0.0
33250.0,33250.0,47.08485293388367,Board 6,0.0
25196.0,25194.0,48.22057104110718,Board 6,2.0
7527.0,7527.0,45.861592054367065,Board 6,0.0
26415.0,26415.0,45.95698094367981,Board 6,0.0
,,,Board 6,
3207.0,3205.0,43.376548290252686,Board 6,2.0
6750.0,6750.0,47.02688193321228,Board 6,0.0
1045.0,1043.0,45.51545333862305,Board 6,2.0
9993.0,9991.0,45.91652727127075,Board 6,2.0
,,,Board 6,
,,,Board 6,
65562.0,65560.0,48.345829248428345,Board 6,2.0
9158.0,9156.0,43.4532151222229,Board 6,2.0
43302.0,38491.0,46.8171169757843,Board 6,4811.0
26346.0,26346.0,45.28201508522034,Board 6,0.0
96768.0,96768.0,52.885613679885864,Board 6,0.0
18730.0,18728.0,46.48834609985352,Board 6,2.0
50776.0,50776.0,47.3756468296051,Board 6,0.0
2489.0,2487.0,44.39777708053589,Board 6,2.0
34519.0,34519.0,46.128175258636475,Board 6,0.0
29249.0,29247.0,45.3435697555542,Board 6,2.0
,,,Board 6,
16250.0,16250.0,45.99917984008789,Board 6,0.0
54380.0,54380.0,48.982348918914795,Board 6,0.0
14310.0,14310.0,46.72126817703247,Board 6,0.0
15156.0,15154.0,45.10539698600769,Board 6,2.0
15525.0,15523.0,44.54159688949585,Board 6,2.0
34649.0,34647.0,45.77726197242737,Board 6,2.0
,,,Board 6,
63260.0,63258.0,48.64614295959473,Board 6,2.0
12585.0,12585.0,44.71995401382446,Board 6,0.0
52932.0,52930.0,48.81485915184021,Board 6,2.0
9845.0,9845.0,45.60750198364258,Board 6,0.0
19092.0,19090.0,44.74123573303223,Board 6,2.0
29710.0,29708.0,45.43403697013855,Board 6,2.0
29670.0,29670.0,45.33413600921631,Board 6,0.0
41747.0,41745.0,36.32787203788757,Board 6,2.0
2483.0,2481.0,32.68018412590027,Board 6,2.0
7159.0,7157.0,33.75150489807129,Board 6,2.0
18745.0,18745.0,33.73131275177002,Board 6,0.0
20790.0,20788.0,33.741920948028564,Board 6,2.0
3937.0,3935.0,32.72240161895752,Board 6,2.0
38594.0,38592.0,34.56672811508179,Board 6,2.0
26188.0,26188.0,33.914586782455444,Board 6,0.0
23654.0,23654.0,34.153369188308716,Board 6,0.0
23912.0,23910.0,33.95307493209839,Board 6,2.0
8684.0,8682.0,33.438750982284546,Board 6,2.0
20738.0,20738.0,33.95034313201904,Board 6,0.0
41108.0,41106.0,34.77054810523987,Board 6,2.0
34825.0,32147.0,34.34494495391846,Board 6,2678.0
